standings_type,last_updated,team_records_season,team_records_clinch_indicator,team_records_division_rank,team_records_league_rank,team_records_sport_rank,team_records_games_played,team_records_games_back,team_records_wild_card_games_back,team_records_league_games_back,team_records_spring_league_games_back,team_records_sport_games_back,team_records_division_games_back,team_records_conference_games_back,team_records_last_updated,team_records_runs_allowed,team_records_runs_scored,team_records_division_champ,team_records_division_leader,team_records_has_wildcard,team_records_clinched,team_records_elimination_number,team_records_elimination_number_sport,team_records_elimination_number_league,team_records_elimination_number_division,team_records_elimination_number_conference,team_records_wild_card_elimination_number,team_records_magic_number,team_records_wins,team_records_losses,team_records_run_differential,team_records_winning_percentage,team_records_wild_card_rank,team_records_wild_card_leader,team_records_team_id,team_records_team_name,team_records_team_link,team_records_streak_streak_code,team_records_streak_streak_type,team_records_streak_streak_number,team_records_league_record_wins,team_records_league_record_losses,team_records_league_record_ties,team_records_league_record_pct,team_records_records_split_records,team_records_records_division_records,team_records_records_overall_records,team_records_records_league_records,team_records_records_expected_records,league_id,league_link,division_id,division_link,sport_id,sport_link,round_robin_status,wins,losses,game_n,team
regularSeason,2026-09-12T23:12:55.897Z,2026,NA,5,15,29,148,19.0,18.5,32.5,-,32.5,19.0,-,2026-09-12T23:12:55Z,674,599,FALSE,FALSE,TRUE,FALSE,E,E,E,E,E,E,NA,56,92,-75,.378,12,NA,108,Angels,/api/v1/teams/108,L2,losses,2,56,92,0,.378,,,,,,103,/api/v1/league/103,200,/api/v1/divisions/200,1,/api/v1/sports/1,false,56,92,148,Angels
regularSeason,2026-09-12T23:12:55.897Z,2026,NA,1,5,12,148,-,-,13.5,-,13.5,-,-,2026-09-12T01:41:05Z,705,663,FALSE,TRUE,TRUE,FALSE,-,2,2,-,2,-,11,75,73,-42,.507,NA,NA,117,Astros,/api/v1/teams/117,L1,losses,1,75,73,0,.507,,,,,,103,/api/v1/league/103,200,/api/v1/divisions/200,1,/api/v1/sports/1,false,75,73,148,Astros
regularSeason,2026-09-12T23:12:55.897Z,2026,NA,4,14,28,148,15.0,14.5,28.5,-,28.5,15.0,-,2026-09-12T04:56:15Z,833,647,FALSE,FALSE,TRUE,FALSE,E,E,E,E,E,E,NA,60,88,-186,.405,11,NA,133,Athletics,/api/v1/teams/133,W2,wins,2,60,88,0,.405,,,,,,103,/api/v1/league/103,200,/api/v1/divisions/200,1,/api/v1/sports/1,false,60,88,148,Athletics
regularSeason,2026-09-12T22:43:40.083Z,2026,NA,4,7,14,149,15.0,1.0,15.0,-,15.0,15.0,-,2026-09-12T22:25:10Z,638,600,FALSE,FALSE,TRUE,FALSE,E,E,E,E,E,12,NA,74,75,-38,.497,4,NA,141,Blue Jays,/api/v1/teams/141,W1,wins,1,74,75,0,.497,,,,,,103,/api/v1/league/103,201,/api/v1/divisions/201,1,/api/v1/sports/1,false,74,75,149,Blue Jays
regularSeason,2026-09-12T23:12:55.068Z,2026,NA,1,3,4,148,-,-,5.0,-,5.0,-,-,2026-09-12T03:25:20Z,566,677,FALSE,TRUE,TRUE,FALSE,-,10,10,-,10,-,9,87,61,111,.588,NA,NA,144,Braves,/api/v1/teams/144,W2,wins,2,87,61,0,.588,,,,,,104,/api/v1/league/104,204,/api/v1/divisions/204,1,/api/v1/sports/1,false,87,61,148,Braves
regularSeason,2026-09-12T22:20:05.836Z,2026,x,1,1,1,148,-,-,-,-,-,-,-,2026-09-12T18:30:00Z,570,762,FALSE,TRUE,TRUE,TRUE,-,-,-,-,-,-,-,92,56,192,.622,NA,NA,158,Brewers,/api/v1/teams/158,W4,wins,4,92,56,0,.622,,,,,,104,/api/v1/league/104,205,/api/v1/divisions/205,1,/api/v1/sports/1,false,92,56,148,Brewers
regularSeason,2026-09-12T22:20:05.836Z,2026,NA,4,9,16,148,19.0,7.0,19.0,-,19.0,19.0,-,2026-09-12T04:32:35Z,683,675,FALSE,FALSE,TRUE,FALSE,E,E,E,E,E,6,NA,73,75,-8,.493,6,NA,138,Cardinals,/api/v1/teams/138,W1,wins,1,73,75,0,.493,,,,,,104,/api/v1/league/104,205,/api/v1/divisions/205,1,/api/v1/sports/1,false,73,75,148,Cardinals
regularSeason,2026-09-12T22:20:05.836Z,2026,NA,2,4,6,149,9.5,+2.5,9.5,-,9.5,9.5,-,2026-09-12T22:20:05Z,657,796,FALSE,FALSE,TRUE,FALSE,4,5,5,4,5,-,NA,83,66,139,.557,1,TRUE,112,Cubs,/api/v1/teams/112,W2,wins,2,83,66,0,.557,,,,,,104,/api/v1/league/104,205,/api/v1/divisions/205,1,/api/v1/sports/1,false,83,66,149,Cubs
regularSeason,2026-09-12T23:00:35.837Z,2026,NA,3,7,10,148,11.0,1.0,13.0,-,13.0,11.0,-,2026-09-12T04:43:40Z,650,657,FALSE,FALSE,TRUE,FALSE,4,2,2,4,2,13,NA,79,69,7,.534,4,NA,109,D-backs,/api/v1/teams/109,W1,wins,1,79,69,0,.534,,,,,,104,/api/v1/league/104,203,/api/v1/divisions/203,1,/api/v1/sports/1,false,79,69,148,D-backs
regularSeason,2026-09-12T23:00:35.837Z,2026,NA,1,2,2,148,-,-,2.0,-,2.0,-,-,2026-09-12T23:00:05Z,565,737,FALSE,TRUE,TRUE,FALSE,-,13,13,-,13,-,5,90,58,172,.608,NA,NA,119,Dodgers,/api/v1/teams/119,L1,losses,1,90,58,0,.608,,,,,,104,/api/v1/league/104,203,/api/v1/divisions/203,1,/api/v1/sports/1,false,90,58,148,Dodgers
regularSeason,2026-09-12T23:00:35.837Z,2026,NA,4,14,27,149,28.5,18.5,30.5,-,30.5,28.5,-,2026-09-12T23:00:35Z,703,628,FALSE,FALSE,TRUE,FALSE,E,E,E,E,E,E,NA,62,87,-75,.416,11,NA,137,Giants,/api/v1/teams/137,L2,losses,2,62,87,0,.416,,,,,,104,/api/v1/league/104,203,/api/v1/divisions/203,1,/api/v1/sports/1,false,62,87,149,Giants
regularSeason,2026-09-12T23:11:21.261Z,2026,NA,2,6,13,149,1.0,-,14.0,-,14.0,1.0,-,2026-09-12T23:11:21Z,620,606,FALSE,FALSE,TRUE,FALSE,12,1,1,12,1,-,NA,75,74,-14,.503,3,TRUE,114,Guardians,/api/v1/teams/114,L1,losses,1,75,74,0,.503,,,,,,103,/api/v1/league/103,202,/api/v1/divisions/202,1,/api/v1/sports/1,false,75,74,149,Guardians
regularSeason,2026-09-12T23:12:55.897Z,2026,NA,3,12,24,148,6.0,5.5,19.5,-,19.5,6.0,-,2026-09-12T04:56:16Z,661,586,FALSE,FALSE,TRUE,FALSE,9,E,E,9,E,9,NA,69,79,-75,.466,9,NA,136,Mariners,/api/v1/teams/136,L1,losses,1,69,79,0,.466,,,,,,103,/api/v1/league/103,200,/api/v1/divisions/200,1,/api/v1/sports/1,false,69,79,148,Mariners
regularSeason,2026-09-12T23:12:55.068Z,2026,NA,3,10,17,149,14.5,7.5,19.5,-,19.5,14.5,-,2026-09-12T23:00:05Z,656,660,FALSE,FALSE,TRUE,FALSE,E,E,E,E,E,6,NA,73,76,4,.490,7,NA,146,Marlins,/api/v1/teams/146,W1,wins,1,73,76,0,.490,,,,,,104,/api/v1/league/104,204,/api/v1/divisions/204,1,/api/v1/sports/1,false,73,76,149,Marlins
regularSeason,2026-09-12T23:12:55.068Z,2026,NA,4,12,22,148,18.0,11.0,23.0,-,23.0,18.0,-,2026-09-12T20:25:26Z,675,643,FALSE,FALSE,TRUE,FALSE,E,E,E,E,E,2,NA,69,79,-32,.466,9,NA,121,Mets,/api/v1/teams/121,W1,wins,1,69,79,0,.466,,,,,,104,/api/v1/league/104,204,/api/v1/divisions/204,1,/api/v1/sports/1,false,69,79,148,Mets
regularSeason,2026-09-12T23:12:55.068Z,2026,NA,5,13,25,150,19.0,12.0,24.0,-,24.0,19.0,-,2026-09-12T23:12:55Z,764,766,FALSE,FALSE,TRUE,FALSE,E,E,E,E,E,1,NA,69,81,2,.460,10,NA,120,Nationals,/api/v1/teams/120,W2,wins,2,69,81,0,.460,,,,,,104,/api/v1/league/104,204,/api/v1/divisions/204,1,/api/v1/sports/1,false,69,81,150,Nationals
regularSeason,2026-09-12T22:43:40.083Z,2026,NA,5,9,19,149,17.0,3.0,17.0,-,17.0,17.0,-,2026-09-12T22:25:11Z,699,671,FALSE,FALSE,TRUE,FALSE,E,E,E,E,E,11,NA,72,77,-28,.483,6,NA,110,Orioles,/api/v1/teams/110,L1,losses,1,72,77,0,.483,,,,,,103,/api/v1/league/103,201,/api/v1/divisions/201,1,/api/v1/sports/1,false,72,77,149,Orioles
regularSeason,2026-09-12T23:00:35.837Z,2026,NA,2,6,9,148,10.0,-,12.0,-,12.0,10.0,-,2026-09-12T23:00:35Z,613,633,FALSE,FALSE,TRUE,FALSE,5,3,3,5,3,-,NA,80,68,20,.541,3,TRUE,135,Padres,/api/v1/teams/135,W6,wins,6,80,68,0,.541,,,,,,104,/api/v1/league/104,203,/api/v1/divisions/203,1,/api/v1/sports/1,false,80,68,148,Padres
regularSeason,2026-09-12T23:12:55.068Z,2026,NA,2,5,7,148,5.0,+2.0,10.0,-,10.0,5.0,-,2026-09-12T03:25:21Z,628,664,FALSE,FALSE,TRUE,FALSE,9,5,5,9,5,-,NA,82,66,36,.554,2,TRUE,143,Phillies,/api/v1/teams/143,L2,losses,2,82,66,0,.554,,,,,,104,/api/v1/league/104,204,/api/v1/divisions/204,1,/api/v1/sports/1,false,82,66,148,Phillies
regularSeason,2026-09-12T22:20:05.836Z,2026,NA,3,8,15,149,18.5,6.5,18.5,-,18.5,18.5,-,2026-09-12T22:20:05Z,689,714,FALSE,FALSE,TRUE,FALSE,E,E,E,E,E,7,NA,74,75,25,.497,5,NA,134,Pirates,/api/v1/teams/134,L2,losses,2,74,75,0,.497,,,,,,104,/api/v1/league/104,205,/api/v1/divisions/205,1,/api/v1/sports/1,false,74,75,149,Pirates
regularSeason,2026-09-12T23:12:55.897Z,2026,NA,2,8,18,148,3.0,2.5,16.5,-,16.5,3.0,-,2026-09-12T04:43:41Z,660,611,FALSE,FALSE,TRUE,FALSE,11,E,E,11,E,12,NA,72,76,-49,.486,5,NA,140,Rangers,/api/v1/teams/140,L3,losses,3,72,76,0,.486,,,,,,103,/api/v1/league/103,200,/api/v1/divisions/200,1,/api/v1/sports/1,false,72,76,148,Rangers
regularSeason,2026-09-12T22:43:40.083Z,2026,x,1,1,3,147,-,-,-,-,-,-,-,2026-09-12T01:41:05Z,607,665,FALSE,TRUE,TRUE,TRUE,-,-,-,-,-,-,-,88,59,58,.599,NA,NA,139,Rays,/api/v1/teams/139,W1,wins,1,88,59,0,.599,,,,,,103,/api/v1/league/103,201,/api/v1/divisions/201,1,/api/v1/sports/1,false,88,59,147,Rays
regularSeason,2026-09-12T22:43:40.083Z,2026,NA,3,3,8,149,8.0,+6.0,8.0,-,8.0,8.0,-,2026-09-12T22:43:40Z,574,659,FALSE,FALSE,TRUE,FALSE,6,7,7,6,7,-,NA,81,68,85,.544,2,TRUE,111,Red Sox,/api/v1/teams/111,W1,wins,1,81,68,0,.544,,,,,,103,/api/v1/league/103,201,/api/v1/divisions/201,1,/api/v1/sports/1,false,81,68,149,Red Sox
regularSeason,2026-09-12T22:20:05.836Z,2026,NA,5,11,21,147,22.5,10.5,22.5,-,22.5,22.5,-,2026-09-12T18:30:01Z,753,611,FALSE,FALSE,TRUE,FALSE,E,E,E,E,E,3,NA,69,78,-142,.469,8,NA,113,Reds,/api/v1/teams/113,L4,losses,4,69,78,0,.469,,,,,,104,/api/v1/league/104,205,/api/v1/divisions/205,1,/api/v1/sports/1,false,69,78,147,Reds
regularSeason,2026-09-12T23:00:35.837Z,2026,NA,5,15,30,148,35.0,25.0,37.0,-,37.0,35.0,-,2026-09-12T22:41:11Z,857,695,FALSE,FALSE,TRUE,FALSE,E,E,E,E,E,E,NA,55,93,-162,.372,12,NA,115,Rockies,/api/v1/teams/115,L6,losses,6,55,93,0,.372,,,,,,104,/api/v1/league/104,203,/api/v1/divisions/203,1,/api/v1/sports/1,false,55,93,148,Rockies
regularSeason,2026-09-12T23:11:21.261Z,2026,NA,5,13,26,149,10.0,9.0,23.0,-,23.0,10.0,-,2026-09-12T22:43:41Z,724,633,FALSE,FALSE,TRUE,FALSE,3,E,E,3,E,5,NA,66,83,-91,.443,10,NA,118,Royals,/api/v1/teams/118,L1,losses,1,66,83,0,.443,,,,,,103,/api/v1/league/103,202,/api/v1/divisions/202,1,/api/v1/sports/1,false,66,83,149,Royals
regularSeason,2026-09-12T23:11:21.261Z,2026,NA,4,11,23,148,6.5,5.5,19.5,-,19.5,6.5,-,2026-09-12T22:41:10Z,595,658,FALSE,FALSE,TRUE,FALSE,7,E,E,7,E,8,NA,69,79,63,.466,8,NA,116,Tigers,/api/v1/teams/116,W3,wins,3,69,79,0,.466,,,,,,103,/api/v1/league/103,202,/api/v1/divisions/202,1,/api/v1/sports/1,false,69,79,148,Tigers
regularSeason,2026-09-12T23:11:21.261Z,2026,NA,3,10,20,148,5.5,4.5,18.5,-,18.5,5.5,-,2026-09-12T23:11:20Z,736,681,FALSE,FALSE,TRUE,FALSE,8,E,E,8,E,10,NA,70,78,-55,.473,7,NA,142,Twins,/api/v1/teams/142,W1,wins,1,70,78,0,.473,,,,,,103,/api/v1/league/103,202,/api/v1/divisions/202,1,/api/v1/sports/1,false,70,78,148,Twins
regularSeason,2026-09-12T23:11:21.261Z,2026,NA,1,4,11,147,-,-,13.0,-,13.0,-,-,2026-09-12T04:32:35Z,653,688,FALSE,TRUE,TRUE,FALSE,-,3,3,-,3,-,12,75,72,35,.510,NA,NA,145,White Sox,/api/v1/teams/145,L4,losses,4,75,72,0,.510,,,,,,103,/api/v1/league/103,202,/api/v1/divisions/202,1,/api/v1/sports/1,false,75,72,147,White Sox
regularSeason,2026-09-12T22:43:40.083Z,2026,NA,2,2,5,148,3.5,+10.5,3.5,-,3.5,3.5,-,2026-09-12T20:25:25Z,552,675,FALSE,FALSE,TRUE,FALSE,11,12,12,11,12,-,NA,85,63,123,.574,1,TRUE,147,Yankees,/api/v1/teams/147,L1,losses,1,85,63,0,.574,,,,,,103,/api/v1/league/103,201,/api/v1/divisions/201,1,/api/v1/sports/1,false,85,63,148,Yankees
