STATION,DATE,PRCP,TMAX,TMIN
USC00118740,2021-01-01,0.16,32,26
USC00118740,2021-01-02,0.65,33,31
USC00118740,2021-01-03,0.15,31,22
USC00118740,2021-01-04,0,33,18
USC00118740,2021-01-05,0,32,28
USC00118740,2021-01-06,0,38,28
USC00118740,2021-01-07,0,37,30
USC00118740,2021-01-08,0,34,30
USC00118740,2021-01-09,0,31,26
USC00118740,2021-01-10,0,27,23
USC00118740,2021-01-11,0,28,21
USC00118740,2021-01-12,0,41,20
USC00118740,2021-01-13,0,44,29
USC00118740,2021-01-14,0,42,28
USC00118740,2021-01-15,0.14,35,29
USC00118740,2021-01-16,0.07,33,28
USC00118740,2021-01-17,0.03,30,25
USC00118740,2021-01-18,0.01,35,23
USC00118740,2021-01-19,0,38,26
USC00118740,2021-01-20,0,35,16
USC00118740,2021-01-21,0,48,27
USC00118740,2021-01-22,0,31,14
USC00118740,2021-01-23,0,35,10
USC00118740,2021-01-24,0,37,29
USC00118740,2021-01-25,0,32,29
USC00118740,2021-01-26,0.2,32,27
USC00118740,2021-01-27,0,28,16
USC00118740,2021-01-28,0.03,28,12
USC00118740,2021-01-29,0,34,13
USC00118740,2021-01-30,0,34,25
USC00118740,2021-01-31,0.89,35,30
USC00118740,2021-02-01,0.21,31,24
USC00118740,2021-02-02,0,33,20
USC00118740,2021-02-03,0,37,16
USC00118740,2021-02-04,0,36,20
USC00118740,2021-02-05,0.22,29,17
USC00118740,2021-02-06,0,24,5
USC00118740,2021-02-07,0.02,7,-4
USC00118740,2021-02-08,0.06,7,-4
USC00118740,2021-02-09,0.01,14,7
USC00118740,2021-02-10,0,18,7
USC00118740,2021-02-11,0.07,21,12
USC00118740,2021-02-12,0,19,9
USC00118740,2021-02-13,0,12,-1
USC00118740,2021-02-14,0,5,-4
USC00118740,2021-02-15,0.09,9,0
USC00118740,2021-02-16,0.32,14,-5
USC00118740,2021-02-17,0,18,-8
USC00118740,2021-02-18,0.01,21,9
USC00118740,2021-02-19,0,NA,NA
USC00118740,2021-02-20,0,29,NA
USC00118740,2021-02-21,0,39,12
USC00118740,2021-02-22,0.02,42,29
USC00118740,2021-02-23,0,53,35
USC00118740,2021-02-24,0,52,32
USC00118740,2021-02-25,0,45,24
USC00118740,2021-02-26,0,49,25
USC00118740,2021-02-27,0,55,30
USC00118740,2021-02-28,1.16,59,33
USC00118740,2021-03-01,0.05,40,26
USC00118740,2021-03-02,0,47,20
USC00118740,2021-03-03,0,59,34
USC00118740,2021-03-04,0,47,27
USC00118740,2021-03-05,0,48,24
USC00118740,2021-03-06,0,52,NA
USC00118740,2021-03-07,0,NA,NA
USC00118740,2021-03-08,0,67,NA
USC00118740,2021-03-09,0,69,37
USC00118740,2021-03-10,0,68,51
USC00118740,2021-03-11,0.4,60,43
USC00118740,2021-03-12,0.01,54,39
USC00118740,2021-03-13,0,55,36
USC00118740,2021-03-14,0,52,40
USC00118740,2021-03-15,0.06,43,31
USC00118740,2021-03-16,0.52,43,35
USC00118740,2021-03-17,0,51,38
USC00118740,2021-03-18,1.23,45,34
USC00118740,2021-03-19,0.36,49,30
USC00118740,2021-03-20,0,57,28
USC00118740,2021-03-21,0,65,31
USC00118740,2021-03-22,0,67,36
USC00118740,2021-03-23,0,64,47
USC00118740,2021-03-24,0.13,61,44
USC00118740,2021-03-25,0,58,42
USC00118740,2021-03-26,1,51,40
USC00118740,2021-03-27,0,74,42
USC00118740,2021-03-28,0.35,51,31
USC00118740,2021-03-29,0,61,29
USC00118740,2021-03-30,0,71,43
USC00118740,2021-03-31,0,47,29
USC00118740,2021-04-01,0,41,27
USC00118740,2021-04-02,0,51,22
USC00118740,2021-04-03,0,68,29
USC00118740,2021-04-04,0,76,43
USC00118740,2021-04-05,0,78,48
USC00118740,2021-04-06,0,82,51
USC00118740,2021-04-07,0,80,53
USC00118740,2021-04-08,0.26,65,51
USC00118740,2021-04-09,0.29,73,50
USC00118740,2021-04-10,0.01,66,46
USC00118740,2021-04-11,0.24,50,44
USC00118740,2021-04-12,0.21,63,44
USC00118740,2021-04-13,0,60,39
USC00118740,2021-04-14,0,57,37
USC00118740,2021-04-15,0,59,34
USC00118740,2021-04-16,0,62,38
USC00118740,2021-04-17,0,62,44
USC00118740,2021-04-18,0,61,38
USC00118740,2021-04-19,0.02,66,39
USC00118740,2021-04-20,0,40,30
USC00118740,2021-04-21,0.32,50,30
USC00118740,2021-04-22,0,56,30
USC00118740,2021-04-23,0,60,37
USC00118740,2021-04-24,0,56,46
USC00118740,2021-04-25,0.03,61,40
USC00118740,2021-04-26,0,78,38
USC00118740,2021-04-27,0,83,57
USC00118740,2021-04-28,0.01,69,61
USC00118740,2021-04-29,0.71,68,50
USC00118740,2021-04-30,0.01,66,43
USC00118740,2021-05-01,0,79,39
USC00118740,2021-05-02,0,77,58
USC00118740,2021-05-03,0.15,74,57
USC00118740,2021-05-04,0,63,49
USC00118740,2021-05-05,0.17,64,43
USC00118740,2021-05-06,0,66,43
USC00118740,2021-05-07,0,69,40
USC00118740,2021-05-08,0,60,34
USC00118740,2021-05-09,1.05,49,36
USC00118740,2021-05-10,0.15,63,36
USC00118740,2021-05-11,0.04,57,38
USC00118740,2021-05-12,0,61,37
USC00118740,2021-05-13,0,67,38
USC00118740,2021-05-14,0,70,40
USC00118740,2021-05-15,0,67,47
USC00118740,2021-05-16,0.01,73,53
USC00118740,2021-05-17,0.35,64,58
USC00118740,2021-05-18,0.46,69,59
USC00118740,2021-05-19,0.14,76,62
USC00118740,2021-05-20,0.01,83,63
USC00118740,2021-05-21,0,84,60
USC00118740,2021-05-22,0,84,62
USC00118740,2021-05-23,0,87,63
USC00118740,2021-05-24,0,87,63
USC00118740,2021-05-25,0,87,64
USC00118740,2021-05-26,0.26,84,65
USC00118740,2021-05-27,0,80,61
USC00118740,2021-05-28,0.38,64,46
USC00118740,2021-05-29,0.34,63,43
USC00118740,2021-05-30,0,71,43
USC00118740,2021-05-31,0,72,54
USC00118740,2021-06-01,0,74,55
USC00118740,2021-06-02,0,NA,NA
USC00118740,2021-06-03,0,84,59
USC00118740,2021-06-04,0,87,60
USC00118740,2021-06-05,0,88,61
USC00118740,2021-06-06,0,84,63
USC00118740,2021-06-07,0.23,84,69
USC00118740,2021-06-08,0,84,66
USC00118740,2021-06-09,0.22,85,67
USC00118740,2021-06-10,0,88,68
USC00118740,2021-06-11,0,92,68
USC00118740,2021-06-12,0,95,70
USC00118740,2021-06-13,0.61,86,66
USC00118740,2021-06-14,0,83,64
USC00118740,2021-06-15,0,83,58
USC00118740,2021-06-16,0,83,60
USC00118740,2021-06-17,0,89,56
USC00118740,2021-06-18,0.02,92,72
USC00118740,2021-06-19,0.74,83,66
USC00118740,2021-06-20,0.01,88,68
USC00118740,2021-06-21,0,80,57
USC00118740,2021-06-22,0,74,51
USC00118740,2021-06-23,0.01,80,58
USC00118740,2021-06-24,0,79,57
USC00118740,2021-06-25,1.5,84,69
USC00118740,2021-06-26,1.64,86,69
USC00118740,2021-06-27,0.65,87,70
USC00118740,2021-06-28,1.29,89,68
USC00118740,2021-06-29,0.03,89,70
USC00118740,2021-06-30,0.29,80,70
USC00118740,2021-07-01,2,81,61
USC00118740,2021-07-02,0,75,57
USC00118740,2021-07-03,0,75,56
USC00118740,2021-07-04,0,80,64
USC00118740,2021-07-05,0,86,66
USC00118740,2021-07-06,0,87,69
USC00118740,2021-07-07,0,87,69
USC00118740,2021-07-08,0.1,83,60
USC00118740,2021-07-09,0,75,64
USC00118740,2021-07-10,0.4,77,66
USC00118740,2021-07-11,0.11,77,66
USC00118740,2021-07-12,0.09,81,67
USC00118740,2021-07-13,0.1,82,68
USC00118740,2021-07-14,0,80,64
USC00118740,2021-07-15,0,85,70
USC00118740,2021-07-16,0.97,86,67
USC00118740,2021-07-17,0.13,75,61
USC00118740,2021-07-18,0,78,64
USC00118740,2021-07-19,0,84,65
USC00118740,2021-07-20,0,83,66
USC00118740,2021-07-21,0,84,67
USC00118740,2021-07-22,0,83,68
USC00118740,2021-07-23,0,86,68
USC00118740,2021-07-24,0,88,69
USC00118740,2021-07-25,0.72,90,70
USC00118740,2021-07-26,0,90,70
USC00118740,2021-07-27,0,87,65
USC00118740,2021-07-28,0,87,67
USC00118740,2021-07-29,0,88,73
USC00118740,2021-07-30,0.03,86,67
USC00118740,2021-07-31,0,78,62
USC00118740,2021-08-01,0.28,72,56
USC00118740,2021-08-02,0,80,57
USC00118740,2021-08-03,0,76,62
USC00118740,2021-08-04,0,80,57
USC00118740,2021-08-05,0,82,58
USC00118740,2021-08-06,0,83,64
USC00118740,2021-08-07,0,83,65
USC00118740,2021-08-08,0,88,68
USC00118740,2021-08-09,0.19,90,68
USC00118740,2021-08-10,0.11,84,68
USC00118740,2021-08-11,0.01,92,71
USC00118740,2021-08-12,0.32,89,70
USC00118740,2021-08-13,1.17,75,66
USC00118740,2021-08-14,0,85,62
USC00118740,2021-08-15,0,83,59
USC00118740,2021-08-16,0,79,62
USC00118740,2021-08-17,0,82,67
USC00118740,2021-08-18,0.01,86,69
USC00118740,2021-08-19,0,88,65
USC00118740,2021-08-20,0,89,66
USC00118740,2021-08-21,0,89,68
USC00118740,2021-08-22,0,87,70
USC00118740,2021-08-23,0,87,64
USC00118740,2021-08-24,0,90,70
USC00118740,2021-08-25,0.89,94,68
USC00118740,2021-08-26,0.01,94,70
USC00118740,2021-08-27,1.54,86,67
USC00118740,2021-08-28,0,91,68
USC00118740,2021-08-29,0,91,70
USC00118740,2021-08-30,0.01,90,71
USC00118740,2021-08-31,0,85,65
USC00118740,2021-09-01,0,85,66
USC00118740,2021-09-02,0,79,59
USC00118740,2021-09-03,0,80,57
USC00118740,2021-09-04,0.08,75,61
USC00118740,2021-09-05,0.14,72,59
USC00118740,2021-09-06,0,81,57
USC00118740,2021-09-07,0,85,63
USC00118740,2021-09-08,1.11,87,56
USC00118740,2021-09-09,0,80,55
USC00118740,2021-09-10,0,78,54
USC00118740,2021-09-11,0,81,59
USC00118740,2021-09-12,0,85,66
USC00118740,2021-09-13,0,87,62
USC00118740,2021-09-14,0,88,66
USC00118740,2021-09-15,0,90,63
USC00118740,2021-09-16,0,81,54
USC00118740,2021-09-17,0,84,61
USC00118740,2021-09-18,0,90,64
USC00118740,2021-09-19,0,91,64
USC00118740,2021-09-20,0.07,90,68
USC00118740,2021-09-21,0.75,85,65
USC00118740,2021-09-22,0.8,68,52
USC00118740,2021-09-23,0,63,45
USC00118740,2021-09-24,0,70,43
USC00118740,2021-09-25,0.16,79,50
USC00118740,2021-09-26,0,71,45
USC00118740,2021-09-27,0,82,54
USC00118740,2021-09-28,0,90,59
USC00118740,2021-09-29,0,85,60
USC00118740,2021-09-30,0,89,62
USC00118740,2021-10-01,0,88,61
USC00118740,2021-10-02,0,87,63
USC00118740,2021-10-03,0.02,78,65
USC00118740,2021-10-04,0.08,76,61
USC00118740,2021-10-05,0,76,63
USC00118740,2021-10-06,0.02,75,64
USC00118740,2021-10-07,0.09,73,64
USC00118740,2021-10-08,1.13,70,60
USC00118740,2021-10-09,0.01,77,58
USC00118740,2021-10-10,0,85,61
USC00118740,2021-10-11,0,87,67
USC00118740,2021-10-12,0.93,78,58
USC00118740,2021-10-13,0,74,51
USC00118740,2021-10-14,0.24,72,53
USC00118740,2021-10-15,0.73,70,57
USC00118740,2021-10-16,0.2,64,41
USC00118740,2021-10-17,0,60,40
USC00118740,2021-10-18,0,68,39
USC00118740,2021-10-19,0,74,41
USC00118740,2021-10-20,0,71,44
USC00118740,2021-10-21,0,76,47
USC00118740,2021-10-22,0.01,53,48
USC00118740,2021-10-23,0.07,56,41
USC00118740,2021-10-24,0.42,54,44
USC00118740,2021-10-25,2.49,62,48
USC00118740,2021-10-26,0.02,53,41
USC00118740,2021-10-27,0,57,38
USC00118740,2021-10-28,0.07,61,39
USC00118740,2021-10-29,0.64,53,47
USC00118740,2021-10-30,0.22,56,50
USC00118740,2021-10-31,0.01,55,41
USC00118740,2021-11-01,0,54,32
USC00118740,2021-11-02,0,45,30
USC00118740,2021-11-03,0,48,28
USC00118740,2021-11-04,0,48,28
USC00118740,2021-11-05,0,49,28
USC00118740,2021-11-06,0,53,28
USC00118740,2021-11-07,0,59,29
USC00118740,2021-11-08,0,67,38
USC00118740,2021-11-09,0,67,41
USC00118740,2021-11-10,0,58,43
USC00118740,2021-11-11,0.24,60,45
USC00118740,2021-11-12,0.21,54,38
USC00118740,2021-11-13,0.01,43,33
USC00118740,2021-11-14,0.08,38,32
USC00118740,2021-11-15,0,39,26
USC00118740,2021-11-16,0,41,30
USC00118740,2021-11-17,0,59,35
USC00118740,2021-11-18,0.27,63,32
USC00118740,2021-11-19,0,42,21
USC00118740,2021-11-20,0.02,40,28
USC00118740,2021-11-21,0.21,54,35
USC00118740,2021-11-22,0.01,56,23
USC00118740,2021-11-23,0,37,20
USC00118740,2021-11-24,0,43,25
USC00118740,2021-11-25,0.24,54,37
USC00118740,2021-11-26,0,41,18
USC00118740,2021-11-27,0,32,20
USC00118740,2021-11-28,0.01,42,28
USC00118740,2021-11-29,0,40,21
USC00118740,2021-11-30,0,43,27
USC00118740,2021-12-01,0.18,52,32
USC00118740,2021-12-02,0.07,49,39
USC00118740,2021-12-03,0,61,33
USC00118740,2021-12-04,0,59,34
USC00118740,2021-12-05,0.01,46,31
USC00118740,2021-12-06,0.36,54,30
USC00118740,2021-12-07,0,37,15
USC00118740,2021-12-08,0,26,16
USC00118740,2021-12-09,0,39,24
USC00118740,2021-12-10,0,53,34
USC00118740,2021-12-11,1.16,62,36
USC00118740,2021-12-12,0,41,29
USC00118740,2021-12-13,0,49,28
USC00118740,2021-12-14,0,52,31
USC00118740,2021-12-15,0.01,55,35
USC00118740,2021-12-16,0.09,62,52
USC00118740,2021-12-17,0,52,25
USC00118740,2021-12-18,0.3,37,30
USC00118740,2021-12-19,0,36,26
USC00118740,2021-12-20,0,39,24
USC00118740,2021-12-21,0,42,23
USC00118740,2021-12-22,0,44,20
USC00118740,2021-12-23,0.01,35,21
USC00118740,2021-12-24,0.01,50,29
USC00118740,2021-12-25,0.06,60,43
USC00118740,2021-12-26,0,56,41
USC00118740,2021-12-27,0.01,57,42
USC00118740,2021-12-28,0.01,58,35
USC00118740,2021-12-29,0.66,42,33
USC00118740,2021-12-30,0.02,36,32
USC00118740,2021-12-31,0,43,35
USC00118740,2022-01-01,0.01,52,37
USC00118740,2022-01-02,0.36,38,21
USC00118740,2022-01-03,0,24,9
USC00118740,2022-01-04,0,29,10
USC00118740,2022-01-05,0,34,22
USC00118740,2022-01-06,0,22,9
USC00118740,2022-01-07,0,14,-1
USC00118740,2022-01-08,0,18,0
USC00118740,2022-01-09,0.19,38,17
USC00118740,2022-01-10,0,32,11
USC00118740,2022-01-11,0,27,7
USC00118740,2022-01-12,0,36,10
USC00118740,2022-01-13,0,44,27
USC00118740,2022-01-14,0,43,29
USC00118740,2022-01-15,0.01,38,23
USC00118740,2022-01-16,0,28,14
USC00118740,2022-01-17,0.01,30,15
USC00118740,2022-01-18,0,29,15
USC00118740,2022-01-19,0,47,26
USC00118740,2022-01-20,0,30,6
USC00118740,2022-01-21,0,21,6
USC00118740,2022-01-22,0,25,9
USC00118740,2022-01-23,0,38,19
USC00118740,2022-01-24,0.02,29,16
USC00118740,2022-01-25,0,38,6
USC00118740,2022-01-26,0,21,-2
USC00118740,2022-01-27,0.01,24,-1
USC00118740,2022-01-28,0.01,35,22
USC00118740,2022-01-29,0.01,24,0
USC00118740,2022-01-30,0,26,3
USC00118740,2022-01-31,0,32,12
USC00118740,2022-02-01,0,40,15
USC00118740,2022-02-02,0.75,56,25
USC00118740,2022-02-03,0.16,26,15
USC00118740,2022-02-04,0.13,21,11
USC00118740,2022-02-05,0,21,-1
USC00118740,2022-02-06,0,16,1
USC00118740,2022-02-07,0,35,12
USC00118740,2022-02-08,0,21,9
USC00118740,2022-02-09,0,41,16
USC00118740,2022-02-10,0,39,30
USC00118740,2022-02-11,0.3,38,24
USC00118740,2022-02-12,0.29,39,19
USC00118740,2022-02-13,0,20,11
USC00118740,2022-02-14,0.03,20,8
USC00118740,2022-02-15,0,30,10
USC00118740,2022-02-16,0,43,20
USC00118740,2022-02-17,0.49,52,35
USC00118740,2022-02-18,0.46,35,5
USC00118740,2022-02-19,0,33,8
USC00118740,2022-02-20,0,30,12
USC00118740,2022-02-21,0,50,30
USC00118740,2022-02-22,0.24,56,38
USC00118740,2022-02-23,0.01,57,16
USC00118740,2022-02-24,0.02,25,15
USC00118740,2022-02-25,0.14,28,21
USC00118740,2022-02-26,0,25,11
USC00118740,2022-02-27,0,32,18
USC00118740,2022-02-28,0,44,22
USC00118740,2022-03-01,0,53,33
USC00118740,2022-03-02,0,63,32
USC00118740,2022-03-03,0,66,31
USC00118740,2022-03-04,0,39,28
USC00118740,2022-03-05,0,52,33
USC00118740,2022-03-06,0.21,73,40
USC00118740,2022-03-07,1.02,50,30
USC00118740,2022-03-08,0.01,35,25
USC00118740,2022-03-09,0,40,26
USC00118740,2022-03-10,0,48,25
USC00118740,2022-03-11,0.05,40,21
USC00118740,2022-03-12,0,30,9
USC00118740,2022-03-13,0,32,11
USC00118740,2022-03-14,0,57,30
USC00118740,2022-03-15,0,64,34
USC00118740,2022-03-16,0,67,38
USC00118740,2022-03-17,0,72,41
USC00118740,2022-03-18,0,75,44
USC00118740,2022-03-19,0.56,57,38
USC00118740,2022-03-20,0.08,45,30
USC00118740,2022-03-21,0,66,33
USC00118740,2022-03-22,0.51,74,43
USC00118740,2022-03-23,0.13,57,50
USC00118740,2022-03-24,0.12,58,33
USC00118740,2022-03-25,0.1,43,37
USC00118740,2022-03-26,0,51,30
USC00118740,2022-03-27,0,37,23
USC00118740,2022-03-28,0,39,23
USC00118740,2022-03-29,0,41,27
USC00118740,2022-03-30,0,53,33
USC00118740,2022-03-31,1.9,65,35
USC00118740,2022-04-01,0.05,39,32
USC00118740,2022-04-02,0,45,29
USC00118740,2022-04-03,0,51,31
USC00118740,2022-04-04,0.02,59,36
USC00118740,2022-04-05,0,60,30
USC00118740,2022-04-06,0.52,53,38
USC00118740,2022-04-07,0.04,60,37
USC00118740,2022-04-08,0.07,47,31
USC00118740,2022-04-09,0.1,40,20
USC00118740,2022-04-10,0,51,24
USC00118740,2022-04-11,0,66,39
USC00118740,2022-04-12,0.01,62,41
USC00118740,2022-04-13,0.09,68,51
USC00118740,2022-04-14,0.77,66,32
USC00118740,2022-04-15,0,57,38
USC00118740,2022-04-16,0.01,66,37
USC00118740,2022-04-17,0,53,32
USC00118740,2022-04-18,0.19,51,34
USC00118740,2022-04-19,0,45,30
USC00118740,2022-04-20,0.01,52,NA
USC00118740,2022-04-21,0.23,58,42
USC00118740,2022-04-22,0.02,70,50
USC00118740,2022-04-23,0.01,78,55
USC00118740,2022-04-24,0.05,82,64
USC00118740,2022-04-25,0.31,76,52
USC00118740,2022-04-26,0,58,34
USC00118740,2022-04-27,0,55,35
USC00118740,2022-04-28,0,63,40
USC00118740,2022-04-29,0.01,60,40
USC00118740,2022-04-30,0.01,68,55
USC00118740,2022-05-01,0.8,74,49
USC00118740,2022-05-02,0,56,39
USC00118740,2022-05-03,0.8,65,48
USC00118740,2022-05-04,0.07,65,45
USC00118740,2022-05-05,0.01,59,46
USC00118740,2022-05-06,0.72,54,52
USC00118740,2022-05-07,0.12,56,46
USC00118740,2022-05-08,0,69,44
USC00118740,2022-05-09,0,70,44
USC00118740,2022-05-10,0,79,59
USC00118740,2022-05-11,0,88,68
USC00118740,2022-05-12,0,93,68
USC00118740,2022-05-13,0,90,59
USC00118740,2022-05-14,0,90,65
USC00118740,2022-05-15,0,88,59
USC00118740,2022-05-16,0.24,86,52
USC00118740,2022-05-17,0,78,53
USC00118740,2022-05-18,0.01,83,59
USC00118740,2022-05-19,0.13,71,55
USC00118740,2022-05-20,0.02,85,62
USC00118740,2022-05-21,0.33,86,59
USC00118740,2022-05-22,0.53,64,52
USC00118740,2022-05-23,0,61,47
USC00118740,2022-05-24,0,68,50
USC00118740,2022-05-25,0.04,76,58
USC00118740,2022-05-26,0.07,82,65
USC00118740,2022-05-27,0.06,75,57
USC00118740,2022-05-28,0.17,63,51
USC00118740,2022-05-29,0,75,58
USC00118740,2022-05-30,0,84,64
USC00118740,2022-05-31,0,87,69
USC00118740,2022-06-01,0,88,70
USC00118740,2022-06-02,0.01,76,61
USC00118740,2022-06-03,0,77,54
USC00118740,2022-06-04,0,83,54
USC00118740,2022-06-05,0,85,59
USC00118740,2022-06-06,0,85,59
USC00118740,2022-06-07,0.01,82,65
USC00118740,2022-06-08,0,77,58
USC00118740,2022-06-09,0.08,75,52
USC00118740,2022-06-10,0,81,59
USC00118740,2022-06-11,0.11,75,56
USC00118740,2022-06-12,0.02,83,63
USC00118740,2022-06-13,0.01,86,70
USC00118740,2022-06-14,0,97,75
USC00118740,2022-06-15,0,99,72
USC00118740,2022-06-16,0,97,78
USC00118740,2022-06-17,0,97,74
USC00118740,2022-06-18,0,90,63
USC00118740,2022-06-19,0,81,54
USC00118740,2022-06-20,0,86,56
USC00118740,2022-06-21,0,93,64
USC00118740,2022-06-22,0,96,76
USC00118740,2022-06-23,0,90,65
USC00118740,2022-06-24,0,89,62
USC00118740,2022-06-25,0,91,66
USC00118740,2022-06-26,0.57,84,67
USC00118740,2022-06-27,0,81,57
USC00118740,2022-06-28,0,78,56
USC00118740,2022-06-29,0,84,61
USC00118740,2022-06-30,0,89,60
USC00118740,2022-07-01,0,93,69
USC00118740,2022-07-02,0.04,88,68
USC00118740,2022-07-03,0,84,60
USC00118740,2022-07-04,0,90,64
USC00118740,2022-07-05,0,93,75
USC00118740,2022-07-06,0,99,76
USC00118740,2022-07-07,0,90,72
USC00118740,2022-07-08,1.34,82,71
USC00118740,2022-07-09,0.28,82,67
USC00118740,2022-07-10,0,83,62
USC00118740,2022-07-11,0,84,63
USC00118740,2022-07-12,0,89,68
USC00118740,2022-07-13,0,84,64
USC00118740,2022-07-14,0.45,87,62
USC00118740,2022-07-15,0,84,65
USC00118740,2022-07-16,0.16,77,68
USC00118740,2022-07-17,0,90,70
USC00118740,2022-07-18,0.01,79,68
USC00118740,2022-07-19,0,86,63
USC00118740,2022-07-20,0,89,71
USC00118740,2022-07-21,0,92,64
USC00118740,2022-07-22,0,90,68
USC00118740,2022-07-23,0,91,71
USC00118740,2022-07-24,0,89,73
USC00118740,2022-07-25,0.09,85,66
USC00118740,2022-07-26,0,78,66
USC00118740,2022-07-27,0.03,73,66
USC00118740,2022-07-28,0.02,83,63
USC00118740,2022-07-29,0,87,60
USC00118740,2022-07-30,0,80,58
USC00118740,2022-07-31,0,85,60
USC00118740,2022-08-01,0.27,89,66
USC00118740,2022-08-02,0,89,68
USC00118740,2022-08-03,0.12,82,67
USC00118740,2022-08-04,2.04,93,69
USC00118740,2022-08-05,0,87,70
USC00118740,2022-08-06,0,88,70
USC00118740,2022-08-07,0,92,71
USC00118740,2022-08-08,0,90,75
USC00118740,2022-08-09,0.22,86,67
USC00118740,2022-08-10,0,77,58
USC00118740,2022-08-11,0,81,61
USC00118740,2022-08-12,0.06,83,59
USC00118740,2022-08-13,0,79,58
USC00118740,2022-08-14,0.06,80,62
USC00118740,2022-08-15,0,77,65
USC00118740,2022-08-16,0,78,61
USC00118740,2022-08-17,0,82,61
USC00118740,2022-08-18,0,82,59
USC00118740,2022-08-19,0,85,59
USC00118740,2022-08-20,0.02,85,64
USC00118740,2022-08-21,0.89,83,64
USC00118740,2022-08-22,0,81,63
USC00118740,2022-08-23,0,82,60
USC00118740,2022-08-24,0,82,59
USC00118740,2022-08-25,0,83,59
USC00118740,2022-08-26,0.02,84,64
USC00118740,2022-08-27,0,81,62
USC00118740,2022-08-28,0,86,66
USC00118740,2022-08-29,0.39,90,69
USC00118740,2022-08-30,0.85,90,65
USC00118740,2022-08-31,0,81,57
USC00118740,2022-09-01,0,82,59
USC00118740,2022-09-02,0,84,63
USC00118740,2022-09-03,0.01,82,66
USC00118740,2022-09-04,0.02,80,68
USC00118740,2022-09-05,2.21,80,67
USC00118740,2022-09-06,0,72,67
USC00118740,2022-09-07,0,80,63
USC00118740,2022-09-08,0,79,57
USC00118740,2022-09-09,0,81,56
USC00118740,2022-09-10,0,82,58
USC00118740,2022-09-11,0.02,85,63
USC00118740,2022-09-12,0.24,69,49
USC00118740,2022-09-13,0,66,53
USC00118740,2022-09-14,0,79,54
USC00118740,2022-09-15,0,82,56
USC00118740,2022-09-16,0,83,55
USC00118740,2022-09-17,0,84,60
USC00118740,2022-09-18,0,86,61
USC00118740,2022-09-19,2.13,86,65
USC00118740,2022-09-20,0,83,63
USC00118740,2022-09-21,0,94,68
USC00118740,2022-09-22,0.03,89,55
USC00118740,2022-09-23,0,68,46
USC00118740,2022-09-24,0.16,63,50
USC00118740,2022-09-25,0,79,54
USC00118740,2022-09-26,0,73,47
USC00118740,2022-09-27,0,68,41
USC00118740,2022-09-28,0,66,43
USC00118740,2022-09-29,0,63,42
USC00118740,2022-09-30,0,67,44
USC00118740,2022-10-01,0,69,47
USC00118740,2022-10-02,0,73,49
USC00118740,2022-10-03,0,73,45
USC00118740,2022-10-04,0,71,42
USC00118740,2022-10-05,0,75,42
USC00118740,2022-10-06,0.04,78,45
USC00118740,2022-10-07,0.01,76,45
USC00118740,2022-10-08,0,60,34
USC00118740,2022-10-09,0,59,34
USC00118740,2022-10-10,0,70,39
USC00118740,2022-10-11,0,78,42
USC00118740,2022-10-12,0.25,61,55
USC00118740,2022-10-13,0.3,66,38
USC00118740,2022-10-14,0,59,34
USC00118740,2022-10-15,0.18,66,35
USC00118740,2022-10-16,0,56,35
USC00118740,2022-10-17,0,61,33
USC00118740,2022-10-18,0,46,30
USC00118740,2022-10-19,0,49,29
USC00118740,2022-10-20,0,50,28
USC00118740,2022-10-21,0,65,34
USC00118740,2022-10-22,0,78,39
USC00118740,2022-10-23,0,79,49
USC00118740,2022-10-24,0,78,59
USC00118740,2022-10-25,0.16,79,55
USC00118740,2022-10-26,1.26,63,41
USC00118740,2022-10-27,0,55,36
USC00118740,2022-10-28,0,57,38
USC00118740,2022-10-29,0,63,40
USC00118740,2022-10-30,0,68,42
USC00118740,2022-10-31,0.13,64,50
USC00118740,2022-11-01,0.08,57,42
USC00118740,2022-11-02,0,70,43
USC00118740,2022-11-03,0,73,44
USC00118740,2022-11-04,0,73,44
USC00118740,2022-11-05,0.39,77,58
USC00118740,2022-11-06,0,63,37
USC00118740,2022-11-07,0,67,42
USC00118740,2022-11-08,0,58,39
USC00118740,2022-11-09,0,62,42
USC00118740,2022-11-10,0,77,49
USC00118740,2022-11-11,0,73,41
USC00118740,2022-11-12,0,44,29
USC00118740,2022-11-13,0,33,25
USC00118740,2022-11-14,0,36,20
USC00118740,2022-11-15,0.03,42,28
USC00118740,2022-11-16,0.02,35,31
USC00118740,2022-11-17,0,31,25
USC00118740,2022-11-18,0,37,22
USC00118740,2022-11-19,0,25,15
USC00118740,2022-11-20,0,32,12
USC00118740,2022-11-21,0,37,16
USC00118740,2022-11-22,0,52,20
USC00118740,2022-11-23,0,58,25
USC00118740,2022-11-24,0,62,32
USC00118740,2022-11-25,0.07,50,33
USC00118740,2022-11-26,0,52,23
USC00118740,2022-11-27,1.04,57,27
USC00118740,2022-11-28,0.2,45,39
USC00118740,2022-11-29,0,44,35
USC00118740,2022-11-30,0,59,23
USC00118740,2022-12-01,0,31,16
USC00118740,2022-12-02,0.01,37,19
USC00118740,2022-12-03,0,52,24
USC00118740,2022-12-04,0,33,16
USC00118740,2022-12-05,0,40,21
USC00118740,2022-12-06,0,42,32
USC00118740,2022-12-07,0,42,40
USC00118740,2022-12-08,0,49,37
USC00118740,2022-12-09,0.35,44,39
USC00118740,2022-12-10,0.01,48,37
USC00118740,2022-12-11,0.03,41,37
USC00118740,2022-12-12,0,37,33
USC00118740,2022-12-13,0,40,30
USC00118740,2022-12-14,0.29,46,32
USC00118740,2022-12-15,1.41,51,33
USC00118740,2022-12-16,0,36,31
USC00118740,2022-12-17,0,32,20
USC00118740,2022-12-18,0,25,14
USC00118740,2022-12-19,0,27,15
USC00118740,2022-12-20,0,29,17
USC00118740,2022-12-21,0,38,23
USC00118740,2022-12-22,0,36,25
USC00118740,2022-12-23,0.09,35,-11
USC00118740,2022-12-24,0.01,2,-8
USC00118740,2022-12-25,0.01,16,2
USC00118740,2022-12-26,0.01,19,4
USC00118740,2022-12-27,0.01,24,8
USC00118740,2022-12-28,0,28,9
USC00118740,2022-12-29,0,49,28
USC00118740,2022-12-30,0.3,56,45
USC00118740,2022-12-31,0.29,45,31
USC00118740,2023-01-01,0,45,31
USC00118740,2023-01-02,0,53,45
USC00118740,2023-01-03,0.66,58,46
USC00118740,2023-01-04,0,61,32
USC00118740,2023-01-05,0,37,33
USC00118740,2023-01-06,0.02,34,30
USC00118740,2023-01-07,0,40,22
USC00118740,2023-01-08,0,37,23
USC00118740,2023-01-09,0.04,35,22
USC00118740,2023-01-10,0,45,25
USC00118740,2023-01-11,0,52,30
USC00118740,2023-01-12,0,52,39
USC00118740,2023-01-13,0.03,39,29
USC00118740,2023-01-14,0,32,25
USC00118740,2023-01-15,0,29,23
USC00118740,2023-01-16,0.1,43,27
USC00118740,2023-01-17,0.07,51,36
USC00118740,2023-01-18,0,41,32
USC00118740,2023-01-19,0.71,41,34
USC00118740,2023-01-20,0.04,44,32
USC00118740,2023-01-21,0,32,29
USC00118740,2023-01-22,0,35,29
USC00118740,2023-01-23,0.02,34,27
USC00118740,2023-01-24,0,35,27
USC00118740,2023-01-25,0.16,40,31
USC00118740,2023-01-26,0.12,33,22
USC00118740,2023-01-27,0,23,11
USC00118740,2023-01-28,0,39,23
USC00118740,2023-01-29,0.07,49,27
USC00118740,2023-01-30,0.01,28,17
USC00118740,2023-01-31,0,17,5
USC00118740,2023-02-01,0,21,6
USC00118740,2023-02-02,0,31,8
USC00118740,2023-02-03,0,45,5
USC00118740,2023-02-04,0,20,5
USC00118740,2023-02-05,0,45,20
USC00118740,2023-02-06,0,54,23
USC00118740,2023-02-07,0,51,27
USC00118740,2023-02-08,0,52,28
USC00118740,2023-02-09,0.63,55,30
USC00118740,2023-02-10,0,50,32
USC00118740,2023-02-11,0,42,21
USC00118740,2023-02-12,0,47,21
USC00118740,2023-02-13,0,54,28
USC00118740,2023-02-14,0,56,30
USC00118740,2023-02-15,0.02,54,38
USC00118740,2023-02-16,0.17,53,35
USC00118740,2023-02-17,0.02,40,23
USC00118740,2023-02-18,0,30,22
USC00118740,2023-02-19,0,50,29
USC00118740,2023-02-20,0,57,31
USC00118740,2023-02-21,0,57,32
USC00118740,2023-02-22,0.08,46,34
USC00118740,2023-02-23,0.8,49,39
USC00118740,2023-02-24,0,51,19
USC00118740,2023-02-25,0,35,21
USC00118740,2023-02-26,0,40,25
USC00118740,2023-02-27,0.5,56,31
USC00118740,2023-02-28,0.17,61,39
USC00118740,2023-03-01,0,51,35
USC00118740,2023-03-02,0,64,33
USC00118740,2023-03-03,0.15,48,36
USC00118740,2023-03-04,1.15,40,26
USC00118740,2023-03-05,0,54,33
USC00118740,2023-03-06,0,59,40
USC00118740,2023-03-07,0,69,38
USC00118740,2023-03-08,0,50,36
USC00118740,2023-03-09,0,48,35
USC00118740,2023-03-10,0.19,46,34
USC00118740,2023-03-11,0,38,31
USC00118740,2023-03-12,0.08,46,34
USC00118740,2023-03-13,0.03,40,28
USC00118740,2023-03-14,0,34,28
USC00118740,2023-03-15,0,40,20
USC00118740,2023-03-16,0,52,23
USC00118740,2023-03-17,0.49,50,29
USC00118740,2023-03-18,0.01,38,14
USC00118740,2023-03-19,0,21,14
USC00118740,2023-03-20,0,39,16
USC00118740,2023-03-21,0,53,25
USC00118740,2023-03-22,0.13,52,34
USC00118740,2023-03-23,0.81,59,41
USC00118740,2023-03-24,0,49,36
USC00118740,2023-03-25,0.52,50,37
USC00118740,2023-03-26,0,49,32
USC00118740,2023-03-27,0,65,37
USC00118740,2023-03-28,0,51,28
USC00118740,2023-03-29,0,52,32
USC00118740,2023-03-30,0,53,30
USC00118740,2023-03-31,0.22,64,34
USC00118740,2023-04-01,0.29,74,38
USC00118740,2023-04-02,0,42,28
USC00118740,2023-04-03,0,59,35
USC00118740,2023-04-04,0.01,75,47
USC00118740,2023-04-05,0,82,58
USC00118740,2023-04-06,0.38,72,34
USC00118740,2023-04-07,0,49,34
USC00118740,2023-04-08,0,59,36
USC00118740,2023-04-09,0,65,36
USC00118740,2023-04-10,0,NA,NA
USC00118740,2023-04-11,0,71,NA
USC00118740,2023-04-12,0,78,51
USC00118740,2023-04-13,0,80,45
USC00118740,2023-04-14,0,82,52
USC00118740,2023-04-15,0,81,54
USC00118740,2023-04-16,0.24,81,42
USC00118740,2023-04-17,0,46,33
USC00118740,2023-04-18,0,57,31
USC00118740,2023-04-19,0,62,40
USC00118740,2023-04-20,0,82,52
USC00118740,2023-04-21,0.42,81,46
USC00118740,2023-04-22,0,NA,NA
USC00118740,2023-04-23,0,NA,NA
USC00118740,2023-04-24,0,47,27
USC00118740,2023-04-25,0.01,58,36
USC00118740,2023-04-26,0.02,61,34
USC00118740,2023-04-27,0,59,36
USC00118740,2023-04-28,0,69,43
USC00118740,2023-04-29,0,NA,NA
USC00118740,2023-04-30,0.31,66,39
USC00118740,2023-05-01,0.05,52,41
USC00118740,2023-05-02,0,59,39
USC00118740,2023-05-03,0,63,38
USC00118740,2023-05-04,0,64,39
USC00118740,2023-05-05,0,NA,NA
