"station","date","max","min"
"USC00118740","01-01","34.4","20.1"
"USC00118740","01-02","34.2","19.9"
"USC00118740","01-03","34.1","19.7"
"USC00118740","01-04","33.9","19.4"
"USC00118740","01-05","33.8","19.2"
"USC00118740","01-06","33.7","19.0"
"USC00118740","01-07","33.6","18.8"
"USC00118740","01-08","33.5","18.6"
"USC00118740","01-09","33.4","18.5"
"USC00118740","01-10","33.3","18.3"
"USC00118740","01-11","33.2","18.1"
"USC00118740","01-12","33.2","17.9"
"USC00118740","01-13","33.1","17.8"
"USC00118740","01-14","33.1","17.7"
"USC00118740","01-15","33.0","17.5"
"USC00118740","01-16","33.0","17.4"
"USC00118740","01-17","33.0","17.3"
"USC00118740","01-18","33.0","17.2"
"USC00118740","01-19","33.1","17.1"
"USC00118740","01-20","33.1","17.1"
"USC00118740","01-21","33.1","17.0"
"USC00118740","01-22","33.2","17.0"
"USC00118740","01-23","33.3","17.0"
"USC00118740","01-24","33.4","17.0"
"USC00118740","01-25","33.5","17.0"
"USC00118740","01-26","33.6","17.0"
"USC00118740","01-27","33.7","17.1"
"USC00118740","01-28","33.8","17.2"
"USC00118740","01-29","34.0","17.2"
"USC00118740","01-30","34.1","17.3"
"USC00118740","01-31","34.3","17.5"
"USC00118740","02-01","34.5","17.6"
"USC00118740","02-02","34.7","17.8"
"USC00118740","02-03","34.9","17.9"
"USC00118740","02-04","35.1","18.1"
"USC00118740","02-05","35.3","18.3"
"USC00118740","02-06","35.6","18.5"
"USC00118740","02-07","35.8","18.8"
"USC00118740","02-08","36.1","19.0"
"USC00118740","02-09","36.4","19.3"
"USC00118740","02-10","36.7","19.6"
"USC00118740","02-11","37.0","19.9"
"USC00118740","02-12","37.3","20.1"
"USC00118740","02-13","37.6","20.5"
"USC00118740","02-14","37.9","20.8"
"USC00118740","02-15","38.3","21.1"
"USC00118740","02-16","38.6","21.4"
"USC00118740","02-17","39.0","21.8"
"USC00118740","02-18","39.3","22.1"
"USC00118740","02-19","39.7","22.5"
"USC00118740","02-20","40.1","22.8"
"USC00118740","02-21","40.5","23.2"
"USC00118740","02-22","40.9","23.5"
"USC00118740","02-23","41.3","23.9"
"USC00118740","02-24","41.7","24.3"
"USC00118740","02-25","42.1","24.6"
"USC00118740","02-26","42.5","25.0"
"USC00118740","02-27","42.9","25.4"
"USC00118740","02-28","43.3","25.7"
"USC00118740","02-29","43.6","25.9"
"USC00118740","03-01","43.8","26.1"
"USC00118740","03-02","44.2","26.5"
"USC00118740","03-03","44.6","26.8"
"USC00118740","03-04","45.1","27.2"
"USC00118740","03-05","45.5","27.5"
"USC00118740","03-06","45.9","27.9"
"USC00118740","03-07","46.4","28.2"
"USC00118740","03-08","46.8","28.6"
"USC00118740","03-09","47.3","28.9"
"USC00118740","03-10","47.7","29.3"
"USC00118740","03-11","48.2","29.6"
"USC00118740","03-12","48.6","29.9"
"USC00118740","03-13","49.1","30.3"
"USC00118740","03-14","49.5","30.6"
"USC00118740","03-15","50.0","30.9"
"USC00118740","03-16","50.4","31.3"
"USC00118740","03-17","50.9","31.6"
"USC00118740","03-18","51.3","31.9"
"USC00118740","03-19","51.8","32.2"
"USC00118740","03-20","52.2","32.5"
"USC00118740","03-21","52.6","32.9"
"USC00118740","03-22","53.1","33.2"
"USC00118740","03-23","53.5","33.5"
"USC00118740","03-24","54.0","33.8"
"USC00118740","03-25","54.4","34.1"
"USC00118740","03-26","54.8","34.5"
"USC00118740","03-27","55.3","34.8"
"USC00118740","03-28","55.7","35.1"
"USC00118740","03-29","56.1","35.4"
"USC00118740","03-30","56.6","35.8"
"USC00118740","03-31","57.0","36.1"
"USC00118740","04-01","57.4","36.4"
"USC00118740","04-02","57.8","36.8"
"USC00118740","04-03","58.2","37.1"
"USC00118740","04-04","58.7","37.4"
"USC00118740","04-05","59.1","37.8"
"USC00118740","04-06","59.5","38.1"
"USC00118740","04-07","59.9","38.5"
"USC00118740","04-08","60.3","38.8"
"USC00118740","04-09","60.7","39.2"
"USC00118740","04-10","61.1","39.5"
"USC00118740","04-11","61.5","39.9"
"USC00118740","04-12","61.9","40.3"
"USC00118740","04-13","62.3","40.6"
"USC00118740","04-14","62.6","41.0"
"USC00118740","04-15","63.0","41.4"
"USC00118740","04-16","63.4","41.7"
"USC00118740","04-17","63.8","42.1"
"USC00118740","04-18","64.1","42.5"
"USC00118740","04-19","64.5","42.8"
"USC00118740","04-20","64.9","43.2"
"USC00118740","04-21","65.2","43.6"
"USC00118740","04-22","65.6","44.0"
"USC00118740","04-23","66.0","44.3"
"USC00118740","04-24","66.3","44.7"
"USC00118740","04-25","66.7","45.1"
"USC00118740","04-26","67.0","45.5"
"USC00118740","04-27","67.4","45.8"
"USC00118740","04-28","67.7","46.2"
"USC00118740","04-29","68.1","46.6"
"USC00118740","04-30","68.4","47.0"
"USC00118740","05-01","68.8","47.3"
"USC00118740","05-02","69.1","47.7"
"USC00118740","05-03","69.4","48.1"
"USC00118740","05-04","69.8","48.4"
"USC00118740","05-05","70.1","48.8"
"USC00118740","05-06","70.5","49.2"
"USC00118740","05-07","70.8","49.5"
"USC00118740","05-08","71.1","49.9"
"USC00118740","05-09","71.5","50.2"
"USC00118740","05-10","71.8","50.6"
"USC00118740","05-11","72.1","51.0"
"USC00118740","05-12","72.5","51.3"
"USC00118740","05-13","72.8","51.7"
"USC00118740","05-14","73.1","52.0"
"USC00118740","05-15","73.5","52.4"
"USC00118740","05-16","73.8","52.7"
"USC00118740","05-17","74.1","53.1"
"USC00118740","05-18","74.5","53.4"
"USC00118740","05-19","74.8","53.8"
"USC00118740","05-20","75.1","54.1"
"USC00118740","05-21","75.5","54.5"
"USC00118740","05-22","75.8","54.8"
"USC00118740","05-23","76.1","55.2"
"USC00118740","05-24","76.5","55.5"
"USC00118740","05-25","76.8","55.9"
"USC00118740","05-26","77.1","56.2"
"USC00118740","05-27","77.5","56.6"
"USC00118740","05-28","77.8","56.9"
"USC00118740","05-29","78.1","57.2"
"USC00118740","05-30","78.4","57.6"
"USC00118740","05-31","78.7","57.9"
"USC00118740","06-01","79.1","58.2"
"USC00118740","06-02","79.4","58.6"
"USC00118740","06-03","79.7","58.9"
"USC00118740","06-04","80.0","59.2"
"USC00118740","06-05","80.3","59.5"
"USC00118740","06-06","80.6","59.8"
"USC00118740","06-07","80.9","60.1"
"USC00118740","06-08","81.1","60.4"
"USC00118740","06-09","81.4","60.7"
"USC00118740","06-10","81.7","61.0"
"USC00118740","06-11","82.0","61.3"
"USC00118740","06-12","82.2","61.5"
"USC00118740","06-13","82.5","61.8"
"USC00118740","06-14","82.7","62.1"
"USC00118740","06-15","82.9","62.3"
"USC00118740","06-16","83.1","62.5"
"USC00118740","06-17","83.4","62.8"
"USC00118740","06-18","83.6","63.0"
"USC00118740","06-19","83.7","63.2"
"USC00118740","06-20","83.9","63.4"
"USC00118740","06-21","84.1","63.6"
"USC00118740","06-22","84.3","63.8"
"USC00118740","06-23","84.4","63.9"
"USC00118740","06-24","84.6","64.1"
"USC00118740","06-25","84.7","64.2"
"USC00118740","06-26","84.8","64.4"
"USC00118740","06-27","84.9","64.5"
"USC00118740","06-28","85.0","64.6"
"USC00118740","06-29","85.1","64.7"
"USC00118740","06-30","85.2","64.8"
"USC00118740","07-01","85.2","64.9"
"USC00118740","07-02","85.3","65.0"
"USC00118740","07-03","85.4","65.0"
"USC00118740","07-04","85.4","65.1"
"USC00118740","07-05","85.4","65.2"
"USC00118740","07-06","85.5","65.2"
"USC00118740","07-07","85.5","65.2"
"USC00118740","07-08","85.5","65.3"
"USC00118740","07-09","85.5","65.3"
"USC00118740","07-10","85.5","65.3"
"USC00118740","07-11","85.5","65.3"
"USC00118740","07-12","85.4","65.3"
"USC00118740","07-13","85.4","65.3"
"USC00118740","07-14","85.4","65.3"
"USC00118740","07-15","85.4","65.3"
"USC00118740","07-16","85.3","65.3"
"USC00118740","07-17","85.3","65.3"
"USC00118740","07-18","85.3","65.3"
"USC00118740","07-19","85.2","65.3"
"USC00118740","07-20","85.2","65.3"
"USC00118740","07-21","85.1","65.3"
"USC00118740","07-22","85.1","65.2"
"USC00118740","07-23","85.0","65.2"
"USC00118740","07-24","85.0","65.2"
"USC00118740","07-25","84.9","65.2"
"USC00118740","07-26","84.9","65.1"
"USC00118740","07-27","84.8","65.1"
"USC00118740","07-28","84.8","65.1"
"USC00118740","07-29","84.8","65.1"
"USC00118740","07-30","84.7","65.0"
"USC00118740","07-31","84.7","65.0"
"USC00118740","08-01","84.6","65.0"
"USC00118740","08-02","84.6","64.9"
"USC00118740","08-03","84.6","64.9"
"USC00118740","08-04","84.5","64.8"
"USC00118740","08-05","84.5","64.8"
"USC00118740","08-06","84.5","64.7"
"USC00118740","08-07","84.4","64.7"
"USC00118740","08-08","84.4","64.6"
"USC00118740","08-09","84.4","64.6"
"USC00118740","08-10","84.3","64.5"
"USC00118740","08-11","84.3","64.4"
"USC00118740","08-12","84.3","64.3"
"USC00118740","08-13","84.2","64.3"
"USC00118740","08-14","84.2","64.2"
"USC00118740","08-15","84.2","64.1"
"USC00118740","08-16","84.1","63.9"
"USC00118740","08-17","84.1","63.8"
"USC00118740","08-18","84.0","63.7"
"USC00118740","08-19","84.0","63.6"
"USC00118740","08-20","83.9","63.4"
"USC00118740","08-21","83.9","63.2"
"USC00118740","08-22","83.8","63.1"
"USC00118740","08-23","83.7","62.9"
"USC00118740","08-24","83.7","62.7"
"USC00118740","08-25","83.6","62.5"
"USC00118740","08-26","83.5","62.3"
"USC00118740","08-27","83.4","62.1"
"USC00118740","08-28","83.3","61.8"
"USC00118740","08-29","83.1","61.6"
"USC00118740","08-30","83.0","61.3"
"USC00118740","08-31","82.9","61.0"
"USC00118740","09-01","82.7","60.8"
"USC00118740","09-02","82.5","60.5"
"USC00118740","09-03","82.4","60.2"
"USC00118740","09-04","82.2","59.8"
"USC00118740","09-05","82.0","59.5"
"USC00118740","09-06","81.8","59.2"
"USC00118740","09-07","81.5","58.9"
"USC00118740","09-08","81.3","58.5"
"USC00118740","09-09","81.1","58.2"
"USC00118740","09-10","80.8","57.8"
"USC00118740","09-11","80.5","57.4"
"USC00118740","09-12","80.3","57.1"
"USC00118740","09-13","80.0","56.7"
"USC00118740","09-14","79.7","56.3"
"USC00118740","09-15","79.4","55.9"
"USC00118740","09-16","79.0","55.5"
"USC00118740","09-17","78.7","55.1"
"USC00118740","09-18","78.4","54.7"
"USC00118740","09-19","78.0","54.3"
"USC00118740","09-20","77.6","53.9"
"USC00118740","09-21","77.3","53.5"
"USC00118740","09-22","76.9","53.2"
"USC00118740","09-23","76.5","52.8"
"USC00118740","09-24","76.1","52.4"
"USC00118740","09-25","75.7","52.0"
"USC00118740","09-26","75.2","51.6"
"USC00118740","09-27","74.8","51.2"
"USC00118740","09-28","74.4","50.8"
"USC00118740","09-29","74.0","50.4"
"USC00118740","09-30","73.5","50.0"
"USC00118740","10-01","73.1","49.6"
"USC00118740","10-02","72.6","49.2"
"USC00118740","10-03","72.1","48.8"
"USC00118740","10-04","71.7","48.5"
"USC00118740","10-05","71.2","48.1"
"USC00118740","10-06","70.7","47.7"
"USC00118740","10-07","70.3","47.3"
"USC00118740","10-08","69.8","46.9"
"USC00118740","10-09","69.3","46.6"
"USC00118740","10-10","68.8","46.2"
"USC00118740","10-11","68.3","45.8"
"USC00118740","10-12","67.8","45.4"
"USC00118740","10-13","67.3","45.1"
"USC00118740","10-14","66.9","44.7"
"USC00118740","10-15","66.4","44.3"
"USC00118740","10-16","65.9","43.9"
"USC00118740","10-17","65.4","43.6"
"USC00118740","10-18","64.9","43.2"
"USC00118740","10-19","64.4","42.8"
"USC00118740","10-20","63.9","42.4"
"USC00118740","10-21","63.4","42.0"
"USC00118740","10-22","62.9","41.6"
"USC00118740","10-23","62.3","41.3"
"USC00118740","10-24","61.8","40.9"
"USC00118740","10-25","61.3","40.5"
"USC00118740","10-26","60.8","40.1"
"USC00118740","10-27","60.3","39.7"
"USC00118740","10-28","59.8","39.3"
"USC00118740","10-29","59.3","38.9"
"USC00118740","10-30","58.8","38.5"
"USC00118740","10-31","58.3","38.1"
"USC00118740","11-01","57.8","37.7"
"USC00118740","11-02","57.3","37.3"
"USC00118740","11-03","56.8","36.9"
"USC00118740","11-04","56.3","36.5"
"USC00118740","11-05","55.8","36.1"
"USC00118740","11-06","55.3","35.7"
"USC00118740","11-07","54.8","35.3"
"USC00118740","11-08","54.3","34.9"
"USC00118740","11-09","53.8","34.5"
"USC00118740","11-10","53.3","34.1"
"USC00118740","11-11","52.8","33.7"
"USC00118740","11-12","52.3","33.3"
"USC00118740","11-13","51.8","33.0"
"USC00118740","11-14","51.3","32.6"
"USC00118740","11-15","50.8","32.2"
"USC00118740","11-16","50.3","31.8"
"USC00118740","11-17","49.9","31.5"
"USC00118740","11-18","49.4","31.1"
"USC00118740","11-19","48.9","30.8"
"USC00118740","11-20","48.4","30.4"
"USC00118740","11-21","48.0","30.1"
"USC00118740","11-22","47.5","29.7"
"USC00118740","11-23","47.1","29.4"
"USC00118740","11-24","46.6","29.1"
"USC00118740","11-25","46.2","28.8"
"USC00118740","11-26","45.7","28.5"
"USC00118740","11-27","45.3","28.2"
"USC00118740","11-28","44.8","27.9"
"USC00118740","11-29","44.4","27.6"
"USC00118740","11-30","44.0","27.3"
"USC00118740","12-01","43.6","27.1"
"USC00118740","12-02","43.2","26.8"
"USC00118740","12-03","42.8","26.5"
"USC00118740","12-04","42.4","26.3"
"USC00118740","12-05","42.0","26.1"
"USC00118740","12-06","41.6","25.8"
"USC00118740","12-07","41.2","25.6"
"USC00118740","12-08","40.9","25.3"
"USC00118740","12-09","40.5","25.1"
"USC00118740","12-10","40.1","24.9"
"USC00118740","12-11","39.8","24.7"
"USC00118740","12-12","39.5","24.4"
"USC00118740","12-13","39.1","24.2"
"USC00118740","12-14","38.8","24.0"
"USC00118740","12-15","38.5","23.8"
"USC00118740","12-16","38.2","23.6"
"USC00118740","12-17","37.9","23.4"
"USC00118740","12-18","37.6","23.1"
"USC00118740","12-19","37.3","22.9"
"USC00118740","12-20","37.0","22.7"
"USC00118740","12-21","36.8","22.5"
"USC00118740","12-22","36.5","22.3"
"USC00118740","12-23","36.3","22.1"
"USC00118740","12-24","36.0","21.8"
"USC00118740","12-25","35.8","21.6"
"USC00118740","12-26","35.6","21.4"
"USC00118740","12-27","35.3","21.2"
"USC00118740","12-28","35.1","21.0"
"USC00118740","12-29","34.9","20.7"
"USC00118740","12-30","34.7","20.5"
"USC00118740","12-31","34.6","20.3"
