date,weather,temp,humidity,precip_one_hour
2022-07-06T03:53:00Z,Fair,83,79,NA
2022-07-06T04:53:00Z,Fair,83,82,NA
2022-07-06T05:53:00Z,Fair,84,80,NA
2022-07-06T06:53:00Z,Fair,81,88,NA
2022-07-06T07:53:00Z,A Few Clouds,83,79,NA
2022-07-06T08:53:00Z,Fair,79,79,NA
2022-07-06T09:53:00Z,Fair,76,91,NA
2022-07-06T10:53:00Z,Fair,76,91,NA
2022-07-06T11:53:00Z,A Few Clouds,77,90,NA
2022-07-06T12:53:00Z,Partly Cloudy,78,87,NA
2022-07-06T13:53:00Z,Fair,82,79,NA
2022-07-06T14:53:00Z,Fair,85,65,NA
2022-07-06T15:53:00Z,Fair,88,59,NA
2022-07-06T16:53:00Z,Mostly Cloudy,87,63,NA
2022-07-06T17:53:00Z,Mostly Cloudy,89,59,NA
2022-07-06T18:53:00Z,Partly Cloudy,89,61,NA
2022-07-06T19:53:00Z,Partly Cloudy,88,66,NA
2022-07-06T20:53:00Z,Fair,86,70,NA
2022-07-06T21:53:00Z,A Few Clouds,89,63,NA
2022-07-06T22:53:00Z,Mostly Cloudy,87,63,NA
2022-07-06T23:53:00Z,A Few Clouds,86,63,NA
2022-07-07T00:53:00Z,Fair,83,72,NA
2022-07-07T01:53:00Z,Fair,81,74,NA
2022-07-07T02:53:00Z,Mostly Cloudy,80,76,NA
2022-07-07T03:53:00Z,A Few Clouds,78,82,NA
2022-07-07T04:53:00Z,Fair,77,85,NA
2022-07-07T05:53:00Z,Partly Cloudy,77,82,NA
2022-07-07T06:53:00Z,Overcast,76,85,NA
2022-07-07T07:53:00Z,Mostly Cloudy,75,88,NA
2022-07-07T08:53:00Z,Overcast,74,91,NA
2022-07-07T09:53:00Z,Fog/Mist,74,91,NA
2022-07-07T10:53:00Z,Fog/Mist,73,94,NA
2022-07-07T11:53:00Z,Fog/Mist,75,90,NA
2022-07-07T12:53:00Z,Fair,78,85,NA
2022-07-07T13:53:00Z,A Few Clouds,80,79,NA
2022-07-07T14:53:00Z,Mostly Cloudy,81,79,NA
2022-07-07T15:53:00Z,Mostly Cloudy,81,79,NA
2022-07-07T16:53:00Z,Light Rain,81,82,NA
2022-07-07T17:53:00Z,Thunderstorm in Vicinity,80,85,NA
2022-07-07T18:53:00Z,Light Rain Fog/Mist,72,94,1.19
2022-07-07T19:53:00Z,Partly Cloudy,75,96,0.07
2022-07-07T20:53:00Z,A Few Clouds,78,90,NA
2022-07-07T21:53:00Z,Mostly Cloudy,79,90,NA
2022-07-07T22:53:00Z,Overcast,78,87,NA
2022-07-07T23:53:00Z,Overcast,77,94,0.01
2022-07-08T00:53:00Z,Light Rain,77,94,NA
2022-07-08T01:53:00Z,Light Rain,76,97,0.02
2022-07-08T02:53:00Z,Overcast,76,97,NA
2022-07-08T03:53:00Z,Fog/Mist,76,97,NA
2022-07-08T04:53:00Z,Fog/Mist,76,97,NA
2022-07-08T05:53:00Z,Fog/Mist,75,100,NA
2022-07-08T06:53:00Z,Fog/Mist,75,100,NA
2022-07-08T07:53:00Z,Fog/Mist,75,96,NA
2022-07-08T08:53:00Z,Overcast,75,96,NA
2022-07-08T09:53:00Z,Mostly Cloudy,74,97,NA
2022-07-08T10:53:00Z,Mostly Cloudy,74,97,NA
2022-07-08T11:53:00Z,Thunderstorm in Vicinity Rain Fog/Mist,74,97,0.02
2022-07-08T12:53:00Z,Thunderstorm Rain Fog/Mist,73,96,0.13
2022-07-08T13:53:00Z,Thunderstorm Rain Fog/Mist,73,96,0.1
2022-07-08T14:53:00Z,Overcast,74,97,0.03
2022-07-08T15:53:00Z,Mostly Cloudy,76,91,NA
2022-07-08T16:53:00Z,A Few Clouds,78,87,NA
2022-07-08T17:53:00Z,Overcast,78,87,0.01
2022-07-08T18:53:00Z,Overcast,78,90,0.01
2022-07-08T19:53:00Z,Mostly Cloudy,80,85,NA
2022-07-08T20:53:00Z,Overcast,82,82,NA
2022-07-08T21:53:00Z,Overcast,80,82,NA
2022-07-08T22:53:00Z,Overcast,77,94,0.05
2022-07-08T23:53:00Z,Rain Fog/Mist,75,96,0.06
2022-07-09T00:53:00Z,Light Rain Fog/Mist,74,97,0.43
2022-07-09T01:53:00Z,Overcast,73,96,0.03
2022-07-09T02:53:00Z,Overcast,72,94,NA
2022-07-09T03:53:00Z,Light Rain Fog/Mist,72,94,0.01
2022-07-09T04:53:00Z,Overcast,71,90,0.02
2022-07-09T05:53:00Z,Overcast,71,94,NA
2022-07-09T06:53:00Z,Overcast,71,90,NA
2022-07-09T07:53:00Z,Overcast,70,90,NA
2022-07-09T08:53:00Z,Overcast,70,90,NA
2022-07-09T09:53:00Z,Overcast,69,93,NA
2022-07-09T10:53:00Z,Fair,68,93,NA
2022-07-09T11:53:00Z,Fair,70,87,NA
2022-07-09T12:53:00Z,A Few Clouds,71,84,NA
2022-07-09T13:53:00Z,Fair,75,76,NA
2022-07-09T14:53:00Z,Fair,75,76,NA
2022-07-09T15:53:00Z,Fair,78,71,NA
2022-07-09T16:53:00Z,A Few Clouds,79,67,NA
2022-07-09T17:53:00Z,Partly Cloudy,80,67,NA
2022-07-09T18:53:00Z,A Few Clouds,82,63,NA
2022-07-09T19:53:00Z,Partly Cloudy,83,63,NA
2022-07-09T20:53:00Z,Partly Cloudy,82,60,NA
2022-07-09T21:53:00Z,Mostly Cloudy,81,62,NA
2022-07-09T22:53:00Z,Mostly Cloudy,80,62,NA
2022-07-09T23:53:00Z,Fair,79,62,NA
2022-07-10T00:53:00Z,Fair,77,58,NA
2022-07-10T01:53:00Z,Fair,74,62,NA
2022-07-10T02:53:00Z,Fair,73,66,NA
2022-07-10T03:53:00Z,Fair,70,73,NA
2022-07-10T04:53:00Z,Fair,69,76,NA
2022-07-10T05:53:00Z,Fair,67,81,NA
2022-07-10T06:53:00Z,Fair,66,84,NA
2022-07-10T07:53:00Z,Fair,64,90,NA
2022-07-10T08:53:00Z,Fair,63,90,NA
2022-07-10T09:53:00Z,Fair,63,90,NA
2022-07-10T10:53:00Z,Fair,63,87,NA
2022-07-10T11:53:00Z,Fair,66,81,NA
2022-07-10T12:53:00Z,Fair,70,71,NA
2022-07-10T13:53:00Z,Fair,73,64,NA
2022-07-10T14:53:00Z,Fair,75,60,NA
2022-07-10T15:53:00Z,Fair,77,52,NA
2022-07-10T16:53:00Z,Fair,79,50,NA
2022-07-10T17:53:00Z,Fair,80,47,NA
2022-07-10T18:53:00Z,Fair,82,40,NA
2022-07-10T19:53:00Z,Fair,82,43,NA
2022-07-10T20:53:00Z,Fair,82,44,NA
2022-07-10T21:53:00Z,Fair,83,41,NA
2022-07-10T22:53:00Z,Fair,82,44,NA
2022-07-10T23:53:00Z,Fair,80,58,NA
2022-07-11T00:53:00Z,Fair,75,79,NA
2022-07-11T01:53:00Z,Fair,72,68,NA
2022-07-11T02:53:00Z,Fair,67,81,NA
2022-07-11T03:53:00Z,Fair,65,84,NA
2022-07-11T04:53:00Z,Fair,64,87,NA
2022-07-11T05:53:00Z,Fair,63,90,NA
2022-07-11T06:53:00Z,Fair,62,90,NA
2022-07-11T07:53:00Z,Fair,63,87,NA
2022-07-11T08:53:00Z,Fair,61,90,NA
2022-07-11T09:53:00Z,Fair,61,90,NA
2022-07-11T10:53:00Z,Fair,62,86,NA
2022-07-11T11:53:00Z,Fair,65,84,NA
2022-07-11T12:53:00Z,Fair,71,71,NA
2022-07-11T13:53:00Z,Fair,76,67,NA
2022-07-11T14:53:00Z,Overcast,76,64,NA
2022-07-11T15:53:00Z,Fair,79,65,NA
2022-07-11T16:53:00Z,A Few Clouds,82,67,NA
